,job_title,company,salary,location,salary_mean,temp,seniority
0,Data Analyst,Booking.com,57.611 €/año,Amsterdam,57.611,Yearly,Not determined
1,Data Analyst,ING,59.864 €/año,Amsterdam,59.864,Yearly,Not determined
2,Data Analyst - Por mes,ING,4.732 €/mes,Amsterdam,4.732,Monthly,Not determined
3,Data Analyst,Optiver,43.339 €/año,Amsterdam,43.339,Yearly,Not determined
4,Data Analyst - Por mes,Motivaction International,2.700 €/mes,Amsterdam,2.7,Monthly,Not determined
5,Data Analyst - Por mes,ING,1.538 €/mes,Amsterdam,1.538,Monthly,Not determined
6,Data Analyst - Por mes,Rabobank,1.539 €/mes,Amsterdam,1.539,Monthly,Not determined
7,Data Analyst - Por mes,PwC,3.823 €/mes,Amsterdam,3.823,Monthly,Not determined
8,Data Analyst - Becario por mes,NIKE,801 €/mes,Amsterdam,801.0,Monthly,Not determined
9,Data Analyst - Por mes,Akzo Nobel Worldwide,2.523 £/mes,Amsterdam,2.523,Monthly,Not determined
10,Data Analyst - Por mes,Elsevier,3.695 €/mes,Amsterdam,3.695,Monthly,Not determined
11,Data Analyst,Elsevier,71.212 €/año,Amsterdam,71.212,Yearly,Not determined
12,Data Analyst - Por mes,adidas,2.991 €/mes,Amsterdam,2.991,Monthly,Not determined
13,Data Analyst,Tata Consultancy Services,40.000 €/año,Amsterdam,40.0,Yearly,Not determined
14,Data Analyst,TNT Express,149.440 €/año,Amsterdam,149.44,Yearly,Not determined
15,Data Analyst,Catawiki,47.298 €/año,Amsterdam,47.298,Yearly,Not determined
16,Data Analyst - Becario por mes,Ahold Delhaize,508 €/mes,Amsterdam,508.0,Monthly,Not determined
17,Data Analyst - Proveedor de servicios,Juniper Networks,38.061 €/año,Amsterdam,38.061,Yearly,Not determined
18,Data Analyst,Spotzer,28.084 €/año,Amsterdam,28.084,Yearly,Not determined
19,Data Analyst - Proveedor de servicios por mes,Staples,4.634 €/mes,Amsterdam,4.634,Monthly,Not determined
20,Data Analyst,Takeaway.com,50.558 €/año,Amsterdam,50.558,Yearly,Not determined
21,Data Analyst,Bynder,56.000 €/año,Amsterdam,56.0,Yearly,Not determined
22,Data Analyst,eBay,96.059 €/año,Amsterdam,96.059,Yearly,Not determined
23,Data Analyst - Por mes,Diageo,5.484 €/mes,Amsterdam,5.484,Monthly,Not determined
24,Data Analyst - Por mes,IQVIA,3.384 €/mes,Amsterdam,3.384,Monthly,Not determined
25,Data Analyst,IQVIA,39.940 €/año,Amsterdam,39.94,Yearly,Not determined
26,Data Analyst - Por mes,LeasePlan Nederland NV,4.045 €/mes,Amsterdam,4.045,Monthly,Not determined
27,Data Analyst - Por mes,MessageBird,3.600 €/mes,Amsterdam,3.6,Monthly,Not determined
28,Data Analyst,Pathé,31.672 €/año,Amsterdam,31.672,Yearly,Not determined
29,Data Analyst - Por mes,EVBox,4.570 €/mes,Amsterdam,4.57,Monthly,Not determined
30,Data Analyst - Becario por mes,FedEx,299 €/mes,Amsterdam,299.0,Monthly,Not determined
31,Data Analyst - Por mes,Quby,3.675 €/mes,Amsterdam,3.675,Monthly,Not determined
32,Data Analyst,DS Smith,39.357 €/año,Amsterdam,39.357,Yearly,Not determined
33,Data Analyst,Zivver,42.468 €/año,Amsterdam,42.468,Yearly,Not determined
34,Data Analyst - Por mes,Priogen Group,1.868 €/mes,Amsterdam,1.868,Monthly,Not determined
35,Data Analyst,YGroup,44.866 €/año,Amsterdam,44.866,Yearly,Not determined
36,Data Analyst - Por hora,Dutchwebshark,12 €/h,Amsterdam,12.0,Hourly,Not determined
37,Data Analyst - Por mes,MeMo²,2.571 €/mes,Amsterdam,2.571,Monthly,Not determined
38,Data Analyst - Proveedor de servicios por mes,Databased Consultancy,5.143 €/mes,Amsterdam,5.143,Monthly,Not determined
39,Data Analyst - Por hora,Stichting Compuact Modulaire Opleidingen,11 €/h,Amsterdam,11.0,Hourly,Not determined
40,Data Analyst,BIRD,42.872 €/año,Amsterdam,42.872,Yearly,Not determined
41,Data Analyst - Por mes,DDB Unlimited,2.803 €/mes,Amsterdam,2.803,Monthly,Not determined
42,Senior Data Analyst - Por mes,Shell,6.007 €/mes,Amsterdam,6.007,Monthly,Senior Position
43,Senior Data Analyst - Por mes,Elsevier,6.177 €/mes,Amsterdam,6.177,Monthly,Senior Position
44,Senior Data Analyst,Tommy Hilfiger,42.697 €/año,Amsterdam,42.697,Yearly,Senior Position
45,Senior Data Analyst - Proveedor de servicios por hora,eBay,117 €/h,Amsterdam,117.0,Hourly,Senior Position
46,Senior Data Analyst - Por mes,IceMobile,4.407 €/mes,Amsterdam,4.407,Monthly,Senior Position
47,Business Data Analyst,Rabobank,50.103 €/año,Amsterdam,50.103,Yearly,Not determined
48,Business Data Analyst,Atradius,78.646 €/año,Amsterdam,78.646,Yearly,Not determined
49,Master Data Analyst,Akzo Nobel Worldwide,29.378 €/año,Amsterdam,29.378,Yearly,Not determined
50,Senior Business Data Analyst - Proveedor de servicios por hora,Atradius,86 €/h,Amsterdam,86.0,Hourly,Senior Position
51,Customer Data Analyst,TNT Express,103.406 €/año,Amsterdam,103.406,Yearly,Not determined
52,Data Analyst,Zalando,50.301 €,Berlin,50.301,Yearly,Not determined
53,Data Analyst,Rocket Internet,36 k € - 43 k €,Berlin,39.5,Yearly,Not determined
54,Data Analyst,N26,31 k € - 40 k €,Berlin,35.5,Yearly,Not determined
55,Data Analyst - Becario por mes,N26,1 k € - 2 k €,Berlin,1.5,Monthly,Not determined
56,Data Analyst,HelloFresh,41 k € - 45 k €,Berlin,43.0,Yearly,Not determined
57,Data Analyst,MyToys,43 k € - 51 k €,Berlin,47.0,Yearly,Not determined
58,Data Analyst,BMW,39 k € - 43 k €,Berlin,41.0,Yearly,Not determined
59,Data Analyst,Accenture,38 k € - 42 k €,Berlin,40.0,Yearly,Not determined
60,Data Analyst - Por mes,Deutsche Bank,2 k € - 2 k €,Berlin,2.0,Monthly,Not determined
61,Data Analyst,Deutsche Bank,57 k € - 60 k €,Berlin,58.5,Yearly,Not determined
62,Data Analyst - Por hora,Deloitte,13 € - 15 €,Berlin,14.0,Hourly,Not determined
63,Data Analyst - Por mes,Amazon,2 k € - 2 k €,Berlin,2.0,Monthly,Not determined
64,Data Analyst,Amazon,39 k € - 42 k €,Berlin,40.5,Yearly,Not determined
65,Data Analyst,ImmoScout24,50 k € - 54 k €,Berlin,52.0,Yearly,Not determined
66,Data Analyst - Por mes,HelloFresh,886 € - 957 €,Berlin,921.5,Monthly,Not determined
67,Data Analyst,Babbel,37 k € - 40 k €,Berlin,38.5,Yearly,Not determined
68,Data Analyst,AOK,55 k € - 61 k €,Berlin,58.0,Yearly,Not determined
69,Data Analyst,Blacklane,43 k € - 47 k €,Berlin,45.0,Yearly,Not determined
70,Data Analyst,Deutsche Kreditbank,62 k € - 68 k €,Berlin,65.0,Yearly,Not determined
71,Data Analyst,Springer Nature,41 k € - 45 k €,Berlin,43.0,Yearly,Not determined
72,Data Analyst,Contentful,41 k € - 44 k €,Berlin,42.5,Yearly,Not determined
73,Data Analyst - Becario por mes,gamigo,2 k € - 2 k €,Berlin,2.0,Monthly,Not determined
74,Data Analyst - Por mes,Honeypot,3 k € - 4 k €,Berlin,3.5,Monthly,Not determined
75,Data Analyst - Por mes,Facebook,10 k € - 11 k €,Berlin,10.5,Monthly,Not determined
76,Data Analyst - Por mes,Viafon GmbH,3 k € - 3 k €,Berlin,3.0,Monthly,Not determined
77,Data Analyst,Metrinomics,58 k € - 63 k €,Berlin,60.5,Yearly,Not determined
78,Data Analyst,Datapine,26 k € - 28 k €,Berlin,27.0,Yearly,Not determined
79,Data Analyst - Becario por hora,Datapine,14 € - 15 €,Berlin,14.5,Hourly,Not determined
80,Data Analyst - Proveedor de servicios por mes,Kitchen Stories,3 k € - 3 k €,Berlin,3.0,Monthly,Not determined
81,Data Analyst,Gerandu,53 k € - 57 k €,Berlin,55.0,Yearly,Not determined
82,Data Analyst - Por mes,PVB Presse Vertrieb Berlin,2 k € - 2 k €,Berlin,2.0,Monthly,Not determined
83,Data Analyst,Zeppelin Lab,52 k € - 56 k €,Berlin,54.0,Yearly,Not determined
84,Data Analyst - Becario por mes,FOURSOURCE,2 k € - 2 k €,Berlin,2.0,Monthly,Not determined
85,Data Analyst - Por hora,Blasty,15 € - 16 €,Berlin,15.5,Hourly,Not determined
86,Data Analyst - Por mes,Universidad de Chile,2 k € - 2 k €,Berlin,2.0,Monthly,Not determined
87,Senior Data Analyst,Accenture,39 k € - 41 k €,Berlin,40.0,Yearly,Senior Position
88,Senior Data Analyst,L'Oréal,84 k R$ - 91 k R$,Berlin,87.5,Yearly,Senior Position
89,Senior Data Analyst,Aroundhome,55 k € - 60 k €,Berlin,57.5,Yearly,Senior Position
90,Senior Data Analyst,Capital Bay,77 k € - 84 k €,Berlin,80.5,Yearly,Senior Position
91,Junior Data Analyst,Deutsche Bank,31 k € - 34 k €,Berlin,32.5,Yearly,Junior Position
92,Junior Data Analyst - Por mes,E.ON,3 k € - 4 k €,Berlin,3.5,Monthly,Junior Position
93,Junior Data Analyst,ImmoScout24,45 k € - 48 k €,Berlin,46.5,Yearly,Junior Position
94,Financial Data Analyst - Por hora,Wayfair,12 € - 14 €,Berlin,13.0,Hourly,Not determined
95,Financial Data Analyst - Becario por mes,Cubits,810 € - 870 €,Berlin,840.0,Monthly,Not determined
96,Clinical Data Analyst,Parexel,56 k € - 61 k €,Berlin,58.5,Yearly,Not determined
97,Data Analyst Intern - Por mes,Medigo,1 k € - 1 k €,Berlin,1.0,Monthly,Not determined
98,Master Data Analyst,Weber-Stephen Products,48 k € - 52 k €,Berlin,50.0,Yearly,Not determined
99,Big Data Analyst - Por mes,Universität Siegen,3 k € - 3 k €,Berlin,3.0,Monthly,Not determined
100,Product Data Analyst,Zalando,45 k € - 49 k €,Berlin,47.0,Yearly,Not determined
101,Datenanalyst - Becario por mes,Zalando,687 € - 739 €,Berlin,713.0,Monthly,Not determined
102,Datenanalyst,Zalando,52 k € - 56 k €,Berlin,54.0,Yearly,Not determined
103,Datenanalyst - Por mes,Groupon,5 k € - 5 k €,Berlin,5.0,Monthly,Not determined
104,Datenanalyst - Becario por hora,Move24,15 € - 16 €,Berlin,15.5,Hourly,Not determined
105,Datenanalyst - Becario por mes,Flaconi,407 € - 439 €,Berlin,423.0,Monthly,Not determined
106,Senior Financial Data Analyst,Ratepay,67 k € - 73 k €,Berlin,70.0,Yearly,Senior Position
107,Data Analyst Trainee,Ubiqum Code Academy,52 k € - 57 k €,Berlin,54.5,Yearly,Not determined
108,Data Analyst,KPMG,26.026 €/año,Dublin,26.026,Yearly,Not determined
109,Data Analyst,Accenture,28.414 €/año,Dublin,28.414,Yearly,Not determined
110,Data Analyst,Aon,41.473 €/año,Dublin,41.473,Yearly,Not determined
111,Data Analyst,Google,35.270 €/año,Dublin,35.27,Yearly,Not determined
112,Data Analyst,Allied Irish Banks,45.723 €/año,Dublin,45.723,Yearly,Not determined
113,Data Analyst,EY,34.384 €/año,Dublin,34.384,Yearly,Not determined
114,Data Analyst,Bank of Ireland,32.655 €/año,Dublin,32.655,Yearly,Not determined
115,Data Analyst,Paddy Power Betfair,34.659 €/año,Dublin,34.659,Yearly,Not determined
116,Data Analyst,Groupon,61.697 €/año,Dublin,61.697,Yearly,Not determined
117,Data Analyst,Intercontinental Exchange,26.156 €/año,Dublin,26.156,Yearly,Not determined
118,Data Analyst,Fidelity Investments,37.792 €/año,Dublin,37.792,Yearly,Not determined
119,Data Analyst,Infosys BPM,24.404 €/año,Dublin,24.404,Yearly,Not determined
120,Data Analyst,ACIA,35.965 €/año,Dublin,35.965,Yearly,Not determined
121,Data Analyst,Clavis Insight,31.969 €/año,Dublin,31.969,Yearly,Not determined
122,Data Analyst,Interactive Data,24.410 €/año,Dublin,24.41,Yearly,Not determined
123,Data Analyst - Proveedor de servicios,Google,23.693 €/año,Dublin,23.693,Yearly,Not determined
124,Data Analyst - Proveedor de servicios por mes,Allied Irish Banks,8.022 €/mes,Dublin,8.022,Monthly,Not determined
125,Data Analyst - Becario,EY,18.982 £/año,Dublin,18.982,Yearly,Not determined
126,Data Analyst - Proveedor de servicios,KPMG,26.026 €/año,Dublin,26.026,Yearly,Not determined
127,Data Analyst,Facebook,63.188 €/año,Dublin,63.188,Yearly,Not determined
128,Data Analyst,permanent tsb,41.302 €/año,Dublin,41.302,Yearly,Not determined
129,Data Analyst,Deutsche Bank,60.568 €/año,Dublin,60.568,Yearly,Not determined
130,Data Analyst,Bank of America,42.365 €/año,Dublin,42.365,Yearly,Not determined
131,Data Analyst,Three Ireland,59.082 €/año,Dublin,59.082,Yearly,Not determined
132,Data Analyst,ESBI,44.078 €/año,Dublin,44.078,Yearly,Not determined
133,Data Analyst - Proveedor de servicios,Mylan Inc,40.155 €/año,Dublin,40.155,Yearly,Not determined
134,Data Analyst,Central Bank of Ireland,47.622 €/año,Dublin,47.622,Yearly,Not determined
135,Data Analyst,Allied Irish Bank (GB),28.720 €/año,Dublin,28.72,Yearly,Not determined
136,Data Analyst,SSE,49.636 €/año,Dublin,49.636,Yearly,Not determined
137,Data Analyst,Pocket Kings,33.842 €/año,Dublin,33.842,Yearly,Not determined
138,Data Analyst,RSA Group,47.689 €/año,Dublin,47.689,Yearly,Not determined
139,Data Analyst - Proveedor de servicios,Clavis Insight,37.536 €/año,Dublin,37.536,Yearly,Not determined
140,Data Analyst - Por mes,Accenture,2.002 €/mes,Dublin,2.002,Monthly,Not determined
141,Data Analyst,IBM,30.300 €/año,Dublin,30.3,Yearly,Not determined
142,Data Analyst - Por mes,Allied Irish Banks,5.994 €/mes,Dublin,5.994,Monthly,Not determined
143,Data Analyst,Microsoft,45.000 €/año,Dublin,45.0,Yearly,Not determined
144,Data Analyst - Becario,EY,16.934 €/año,Dublin,16.934,Yearly,Not determined
145,Data Analyst - Becario,Deloitte,19.709 €/año,Dublin,19.709,Yearly,Not determined
146,Data Analyst - Proveedor de servicios,Deloitte,46.074 €/año,Dublin,46.074,Yearly,Not determined
147,Data Analyst - Becario por mes,Bank of Ireland,1.822 €/mes,Dublin,1.822,Monthly,Not determined
148,Data Analyst,Salesforce,39.631 €/año,Dublin,39.631,Yearly,Not determined
149,Data Analyst - Proveedor de servicios,PwC,23.906 €/año,Dublin,23.906,Yearly,Not determined
150,Data Analyst - Becario,PwC,18.982 €/año,Dublin,18.982,Yearly,Not determined
151,Data Analyst - Proveedor de servicios por hora,CPL Resources,11 €/h,Dublin,11.0,Hourly,Not determined
152,Data Analyst,Arvato,42.335 €/año,Dublin,42.335,Yearly,Not determined
153,Data Analyst - Becario por mes,University College Dublin,1.401 €/mes,Dublin,1.401,Monthly,Not determined
154,Data Analyst - Proveedor de servicios,eircom,37.482 €/año,Dublin,37.482,Yearly,Not determined
155,Data Analyst,eircom,43.828 €/año,Dublin,43.828,Yearly,Not determined
156,Data Analyst,eircom,30.179 €/año,Dublin,30.179,Yearly,Not determined
157,Data Analyst - Proveedor de servicios,Health Service Executive,41.960 €/año,Dublin,41.96,Yearly,Not determined
158,Data Analyst,Health Service Executive,35.140 €/año,Dublin,35.14,Yearly,Not determined
159,Data Analyst,Version 1,30.698 €/año,Dublin,30.698,Yearly,Not determined
160,Data Analyst,Pfizer,38.125 €/año,Dublin,38.125,Yearly,Not determined
161,Data Analyst - Por mes,Airbnb,2.278 €/mes,Dublin,2.278,Monthly,Not determined
162,Data Analyst,Smartbox Worldwide,30.000 €/año,Dublin,30.0,Yearly,Not determined
163,Data Analyst - Por mes,Kerry,2.463 €/mes,Dublin,2.463,Monthly,Not determined
164,Data Analyst,CarTrawler,40.115 €/año,Dublin,40.115,Yearly,Not determined
165,Data Analyst,Ryanair,28.084 €/año,Dublin,28.084,Yearly,Not determined
166,Data Analyst - Becario,Deutsche Bank,22.066 €/año,Dublin,22.066,Yearly,Not determined
167,Data Analyst - Por hora,HCL Technologies,11 €/h,Dublin,11.0,Hourly,Not determined
168,Data Analyst,Salesforce,39.631 €/año,Dublin,39.631,Yearly,Not determined
169,Data Analyst - Proveedor de servicios,PwC,23.906 €/año,Dublin,23.906,Yearly,Not determined
170,Data Analyst - Becario,PwC,18.982 €/año,Dublin,18.982,Yearly,Not determined
171,Data Analyst - Proveedor de servicios por hora,CPL Resources,11 €/h,Dublin,11.0,Hourly,Not determined
172,Data Analyst,Arvato,42.335 €/año,Dublin,42.335,Yearly,Not determined
173,Data Analyst - Becario por mes,University College Dublin,1.401 €/mes,Dublin,1.401,Monthly,Not determined
174,Data Analyst - Proveedor de servicios,eircom,37.482 €/año,Dublin,37.482,Yearly,Not determined
175,Data Analyst,eircom,43.828 €/año,Dublin,43.828,Yearly,Not determined
176,Data Analyst,eircom,30.179 €/año,Dublin,30.179,Yearly,Not determined
177,Data Analyst - Proveedor de servicios,Health Service Executive,41.960 €/año,Dublin,41.96,Yearly,Not determined
178,Data Analyst,Health Service Executive,35.140 €/año,Dublin,35.14,Yearly,Not determined
179,Data Analyst,Version 1,30.698 €/año,Dublin,30.698,Yearly,Not determined
180,Data Analyst,Pfizer,38.125 €/año,Dublin,38.125,Yearly,Not determined
181,Data Analyst - Por mes,Airbnb,2.278 €/mes,Dublin,2.278,Monthly,Not determined
182,Data Analyst,Smartbox Worldwide,30.000 €/año,Dublin,30.0,Yearly,Not determined
183,Data Analyst - Por mes,Kerry,2.463 €/mes,Dublin,2.463,Monthly,Not determined
184,Data Analyst,CarTrawler,40.115 €/año,Dublin,40.115,Yearly,Not determined
185,Data Analyst,Ryanair,28.084 €/año,Dublin,28.084,Yearly,Not determined
186,Data Analyst - Becario,Deutsche Bank,22.066 €/año,Dublin,22.066,Yearly,Not determined
187,Data Analyst - Por hora,HCL Technologies,11 €/h,Dublin,11.0,Hourly,Not determined
188,Data Analyst,HCL Technologies,27.434 €/año,Dublin,27.434,Yearly,Not determined
189,Data Analyst - Proveedor de servicios,Bank of America,30.090 €/año,Dublin,30.09,Yearly,Not determined
190,Data Analyst,Susquehanna International Group (SIG),51.493 €/año,Dublin,51.493,Yearly,Not determined
191,Data Analyst,Mylan Inc,53.102 €/año,Dublin,53.102,Yearly,Not determined
192,Data Analyst,Aviva,24.476 €/año,Dublin,24.476,Yearly,Not determined
193,Data Analyst - Proveedor de servicios por hora,Central Bank of Ireland,55 €/h,Dublin,55.0,Hourly,Not determined
194,Data Analyst - Proveedor de servicios,Yahoo,56.622 €/año,Dublin,56.622,Yearly,Not determined
195,Data Analyst - Proveedor de servicios,Allergan,31.643 €/año,Dublin,31.643,Yearly,Not determined
196,Data Analyst - Proveedor de servicios,Davy,36.639 €/año,Dublin,36.639,Yearly,Not determined
197,Data Analyst - Becario,Grant Thornton,17.552 €/año,Dublin,17.552,Yearly,Not determined
198,Data Analyst - Proveedor de servicios por hora,Davy,29 €/h,Dublin,29.0,Hourly,Not determined
199,Data Analyst - Becario por mes,Royal College of Surgeons in Ireland,975 €/mes,Dublin,975.0,Monthly,Not determined
200,Data Analyst,GameStop,30.120 €/año,Dublin,30.12,Yearly,Not determined
201,Data Analyst - Proveedor de servicios,Aon,32.191 €/año,Dublin,32.191,Yearly,Not determined
202,Data Analyst,Sogeti,25.000 €/año,Dublin,25.0,Yearly,Not determined
203,Data Analyst,Telefónica,45.269 €/año,Dublin,45.269,Yearly,Not determined
204,Data Analyst,J.P. Morgan,34.591 €/año,Dublin,34.591,Yearly,Not determined
205,Data Analyst,The AA,31.595 €/año,Dublin,31.595,Yearly,Not determined
206,Data Analyst - Por hora,CBRE,15 £/h,Dublin,15.0,Hourly,Not determined
207,Data Analyst - Proveedor de servicios,BNP Paribas,27.754 €/año,Dublin,27.754,Yearly,Not determined
208,Data Analyst,Deloitte,24.799 €,Madrid,24.799,Yearly,Not determined
209,Data Analyst,JLL,27 k € - 30 k €,Madrid,28.5,Yearly,Not determined
210,Data Analyst,ALD Automotive,34 k € - 37 k €,Madrid,35.5,Yearly,Not determined
211,Data Analyst,Morningstar,27 k € - 29 k €,Madrid,28.0,Yearly,Not determined
212,Data Analyst,Accenture,28 k € - 31 k €,Madrid,29.5,Yearly,Not determined
213,Data Analyst,Telefónica,20 k € - 21 k €,Madrid,20.5,Yearly,Not determined
214,Data Analyst,Telefónica,25 k € - 27 k €,Madrid,26.0,Yearly,Not determined
215,Data Analyst,Santander,35 k € - 38 k €,Madrid,36.5,Yearly,Not determined
216,Data Analyst - Becario por mes,BBVA,963 € - 1 k €,Madrid,482.0,Monthly,Not determined
217,Data Analyst,BBVA,28 k € - 30 k €,Madrid,29.0,Yearly,Not determined
218,Data Analyst,KPMG,26 k € - 28 k €,Madrid,27.0,Yearly,Not determined
219,Data Analyst - Becario por mes,Airbus,992 € - 1 k €,Madrid,496.5,Monthly,Not determined
220,Data Analyst,Amadeus,36 k € - 39 k €,Madrid,37.5,Yearly,Not determined
221,Data Analyst,Minsait,34 k € - 37 k €,Madrid,35.5,Yearly,Not determined
222,Data Analyst,Electronic Arts,29 k € - 31 k €,Madrid,30.0,Yearly,Not determined
223,Data Analyst,IQVIA,24 k € - 26 k €,Madrid,25.0,Yearly,Not determined
224,Data Analyst,L'Oréal,46 k € - 50 k €,Madrid,48.0,Yearly,Not determined
225,Data Analyst,Boston Consulting Group,67 k € - 72 k €,Madrid,69.5,Yearly,Not determined
226,Data Analyst,The Cocktail,17 k € - 18 k €,Madrid,17.5,Yearly,Not determined
227,Data Analyst,Nielsen,30 k € - 32 k €,Madrid,31.0,Yearly,Not determined
228,Data Analyst - Becario por mes,Geoblink,674 € - 726 €,Madrid,700.0,Monthly,Not determined
229,Data Analyst,Solera,22 k € - 24 k €,Madrid,23.0,Yearly,Not determined
230,Data Analyst,Indizen Consulting,21 k € - 23 k €,Madrid,22.0,Yearly,Not determined
231,Data Analyst,MRM,29 k € - 31 k €,Madrid,30.0,Yearly,Not determined
232,Data Analyst,Teva Pharmaceuticals,24 k € - 26 k €,Madrid,25.0,Yearly,Not determined
233,Data Analyst,Sanitas,28 k € - 30 k €,Madrid,29.0,Yearly,Not determined
234,Data Analyst - Becario por mes,Morningstar,1 k € - 1 k €,Madrid,1.0,Monthly,Not determined
235,Data Analyst,Ontwice,24 k € - 26 k €,Madrid,25.0,Yearly,Not determined
236,Data Analyst,Returnly,47 k € - 52 k €,Madrid,49.5,Yearly,Not determined
237,Data Analyst,Cheil Worldwide,37 k € - 40 k €,Madrid,38.5,Yearly,Not determined
238,Data Analyst,Experian,19 k € - 21 k €,Madrid,20.0,Yearly,Not determined
239,Data Analyst,El Español,24 k € - 26 k €,Madrid,25.0,Yearly,Not determined
240,Data Analyst,Seedtag,20 k € - 22 k €,Madrid,21.0,Yearly,Not determined
241,Data Analyst,Renault-Nissan Consulting,27 k € - 29 k €,Madrid,28.0,Yearly,Not determined
242,Data Analyst,Assystem,49 k € - 53 k €,Madrid,51.0,Yearly,Not determined
243,Data Analyst - Por mes,Prysma,955 € - 1 k €,Madrid,478.0,Monthly,Not determined
244,Data Analyst,UNICEF,32 k € - 35 k €,Madrid,33.5,Yearly,Not determined
245,Data Analyst - Proveedor de servicios,Berge,24 k € - 26 k €,Madrid,25.0,Yearly,Not determined
246,Data Analyst,YMedia,27 k € - 29 k €,Madrid,28.0,Yearly,Not determined
247,Data Analyst,PA Digital,33 k € - 36 k €,Madrid,34.5,Yearly,Not determined
248,Data Analyst,BiP Solutions,26 k € - 28 k €,Madrid,27.0,Yearly,Not determined
249,Data Analyst,Statistics & Data Corporation (SDC),31 k € - 34 k €,Madrid,32.5,Yearly,Not determined
250,Senior Data Analyst,Santander,37 k € - 40 k €,Madrid,38.5,Yearly,Senior Position
251,Senior Data Analyst,Urban Science,30 k € - 33 k €,Madrid,31.5,Yearly,Senior Position
252,Senior Data Analyst,Altamira Asset,46 k € - 49 k €,Madrid,47.5,Yearly,Senior Position
253,Senior Data Analyst,Bayes Forecast,26 k € - 28 k €,Madrid,27.0,Yearly,Senior Position
254,Business Data Analyst,Vodafone,43 k € - 47 k €,Madrid,45.0,Yearly,Not determined
255,Business Data Analyst - Becario por mes,ALTEN,672 € - 739 €,Madrid,705.5,Monthly,Not determined
256,Business Data Analyst,Galp,45 k € - 49 k €,Madrid,47.0,Yearly,Not determined
257,Junior Data Analyst,Santander,30 k € - 32 k €,Madrid,31.0,Yearly,Junior Position
258,Junior Data Analyst,Minsait,25 k € - 27 k €,Madrid,26.0,Yearly,Junior Position
259,Associate Data Analyst,Morningstar,27 k € - 29 k €,Madrid,28.0,Yearly,Not determined
260,Big Data Analyst,Pragsis Technologies,47 k € - 51 k €,Madrid,49.0,Yearly,Not determined
261,Data Analyst Manager,EY,50 k € - 53 k €,Madrid,51.5,Yearly,Not determined
262,analista de datos - Becario por mes,Accenture,760 € - 833 €,Madrid,796.5,Monthly,Not determined
263,analista de datos - Proveedor de servicios,IQVIA,18 k € - 19 k €,Madrid,18.5,Yearly,Not determined
264,analista de datos,CLEDIGOLU,52 k € - 57 k €,Madrid,54.5,Yearly,Not determined
265,analista de datos,Accepta Servicios Integrales,46 k € - 49 k €,Madrid,47.5,Yearly,Not determined
266,Data Analyst/Developer,Spark44,29 k € - 32 k €,Madrid,30.5,Yearly,Not determined
267,CRM Data Analyst,ALD Automotive,45 k € - 50 k €,Madrid,47.5,Yearly,Not determined
268,Data Analyst,Fifty-Five,39.056 €/año,Paris,39.056,Yearly,Not determined
269,Data Analyst,Criteo,43.140 €/año,Paris,43.14,Yearly,Not determined
270,Data Analyst,AXA,40.000 €/año,Paris,40.0,Yearly,Not determined
271,Data Analyst - Becario por mes,Criteo,1.522 €/mes,Paris,1.522,Monthly,Not determined
272,Data Analyst,Contentsquare,41.182 €/año,Paris,41.182,Yearly,Not determined
273,Data Analyst,Ubisoft,44.465 €/año,Paris,44.465,Yearly,Not determined
274,Data Analyst,Orange,48.000 €/año,Paris,48.0,Yearly,Not determined
275,Data Analyst,Renault,37.991 €/año,Paris,37.991,Yearly,Not determined
276,Data Analyst - Por mes,EDF,1.268 €/mes,Paris,1.268,Monthly,Not determined
277,Data Analyst - Becario por mes,AXA,1.605 €/mes,Paris,1.605,Monthly,Not determined
278,Data Analyst - Becario por mes,TOTAL,1.043 €/mes,Paris,1.043,Monthly,Not determined
279,Data Analyst,Saint-Gobain,41.110 €/año,Paris,41.11,Yearly,Not determined
280,Data Analyst,Organisation for Economic Co-operation and Development,55.147 €/año,Paris,55.147,Yearly,Not determined
281,Data Analyst,Cegedim,40.000 €/año,Paris,40.0,Yearly,Not determined
282,Data Analyst,BlaBlaCar,43.297 €/año,Paris,43.297,Yearly,Not determined
283,Data Analyst,Dailymotion,52.000 €/año,Paris,52.0,Yearly,Not determined
284,Data Analyst,Kisio,33.050 €/año,Paris,33.05,Yearly,Not determined
285,Data Analyst,Ada,100.268 €/año,Paris,100.268,Yearly,Not determined
286,Data Analyst - Becario por mes,Société Générale,1.514 €/mes,Paris,1.514,Monthly,Not determined
287,Data Analyst - Becario por mes,BNP Paribas,1.647 €/mes,Paris,1.647,Monthly,Not determined
288,Data Analyst - Becario por mes,Orange,1.380 €/mes,Paris,1.38,Monthly,Not determined
289,Data Analyst - Becario por mes,Renault,934 €/mes,Paris,934.0,Monthly,Not determined
290,Data Analyst - Becario por mes,EY,1.658 €/mes,Paris,1.658,Monthly,Not determined
291,Data Analyst - Becario por mes,EDF,1.353 €/mes,Paris,1.353,Monthly,Not determined
292,Data Analyst - Por mes,Bouygues Telecom,2.791 €/mes,Paris,2.791,Monthly,Not determined
293,Data Analyst - Becario por mes,Bouygues Telecom,1.247 €/mes,Paris,1.247,Monthly,Not determined
294,Data Analyst,Air France,38.886 €/año,Paris,38.886,Yearly,Not determined
295,Data Analyst,La Banque Postale,38.816 €/año,Paris,38.816,Yearly,Not determined
296,Data Analyst,CANAL+,40.118 €/año,Paris,40.118,Yearly,Not determined
297,Data Analyst - Becario por mes,Chanel,1.423 €/mes,Paris,1.423,Monthly,Not determined
298,Data Analyst,happn,47.554 €/año,Paris,47.554,Yearly,Not determined
299,Data Analyst,Experian,42.642 €/año,Paris,42.642,Yearly,Not determined
300,Data Analyst,Accuity,40.381 €/año,Paris,40.381,Yearly,Not determined
301,Data Analyst,BNP Paribas,43.766 €/año,Paris,43.766,Yearly,Not determined
302,Data Analyst - Proveedor de servicios,BNP Paribas,40.821 €/año,Paris,40.821,Yearly,Not determined
303,Data Analyst - Por mes,Orange,2.277 €/mes,Paris,2.277,Monthly,Not determined
304,Data Analyst - Becario por mes,Capgemini,523 €/mes,Paris,523.0,Monthly,Not determined
305,Data Analyst,EY,42.334 €/año,Paris,42.334,Yearly,Not determined
306,Data Analyst,Accenture,37.618 €/año,Paris,37.618,Yearly,Not determined
307,Data Analyst,Groupe Crédit Agricole,31.119 €/año,Paris,31.119,Yearly,Not determined
308,Data Analyst - Por mes,CGI,2.348 €/mes,Paris,2.348,Monthly,Not determined
309,Data Analyst,CGI,38.146 €/año,Paris,38.146,Yearly,Not determined
310,Data Analyst - Por mes,EDF,1.206 €/mes,Paris,1.206,Monthly,Not determined
311,Data Analyst,EDF,62.574 €/año,Paris,62.574,Yearly,Not determined
312,Data Analyst,Carrefour,39.364 €/año,Paris,39.364,Yearly,Not determined
313,Data Analyst - Becario por mes,Groupe PSA,1.009 €/mes,Paris,1.009,Monthly,Not determined
314,Data Analyst - Por mes,AXA,1.657 €/mes,Paris,1.657,Monthly,Not determined
315,Data Analyst,Deloitte,40.754 €/año,Paris,40.754,Yearly,Not determined
316,Data Analyst - Proveedor de servicios por mes,TOTAL,1.185 €/mes,Paris,1.185,Monthly,Not determined
317,Data Analyst,TOTAL,42.392 €/año,Paris,42.392,Yearly,Not determined
318,Data Analyst - Por mes,TOTAL,2.536 €/mes,Paris,2.536,Monthly,Not determined
319,Data Analyst - Por mes,PwC,1.591 €/mes,Paris,1.591,Monthly,Not determined
320,Data Analyst,PwC,46.000 €/año,Paris,46.0,Yearly,Not determined
321,Data Analyst - Becario por mes,PwC,1.654 €/mes,Paris,1.654,Monthly,Not determined
322,Data Analyst,La Poste,46.952 €/año,Paris,46.952,Yearly,Not determined
323,Data Analyst - Becario por mes,La Poste,732 €/mes,Paris,732.0,Monthly,Not determined
324,Data Analyst,ENGIE,46.572 €/año,Paris,46.572,Yearly,Not determined
325,Data Analyst - Por mes,ENGIE,1.203 €/mes,Paris,1.203,Monthly,Not determined
326,Data Analyst,IBM,46.572 €/año,Paris,46.572,Yearly,Not determined
327,Data Analyst,IBM,40.138 €/año,Paris,40.138,Yearly,Not determined
328,Data Analyst - Proveedor de servicios,Natixis,38.102 €/año,Paris,38.102,Yearly,Not determined
329,Data Analyst,Natixis,19.055 €/año,Paris,19.055,Yearly,Not determined
330,Data Analyst - Proveedor de servicios por mes,Natixis,1.615 €/mes,Paris,1.615,Monthly,Not determined
331,Data Analyst,Natixis,44.949 €/año,Paris,44.949,Yearly,Not determined
332,Data Analyst - Becario por mes,SFR,1.282 €/mes,Paris,1.282,Monthly,Not determined
333,Data Analyst,SFR,55.211 €/año,Paris,55.211,Yearly,Not determined
334,Data Analyst - Proveedor de servicios por mes,SFR,1.569 €/mes,Paris,1.569,Monthly,Not determined
335,Data Analyst - Por mes,Schneider Electric,1.504 €/mes,Paris,1.504,Monthly,Not determined
336,Data Analyst - Becario por mes,CEA,1.355 €/mes,Paris,1.355,Monthly,Not determined
337,Data Analyst - Por mes,Air France,1.223 €/mes,Paris,1.223,Monthly,Not determined
338,Data Analyst,HSBC Holdings,44.138 €/año,Paris,44.138,Yearly,Not determined
339,Data Analyst - Becario por mes,Vinci,1.420 €/mes,Paris,1.42,Monthly,Not determined
340,Data Analyst,Mazars,42.433 €/año,Paris,42.433,Yearly,Not determined
341,Data Analyst - Becario por mes,Mazars,1.527 €/mes,Paris,1.527,Monthly,Not determined
342,Data Analyst,Ubisoft,33.432 €/año,Paris,33.432,Yearly,Not determined
343,Data Analyst - Becario por mes,Accor,1.237 €/mes,Paris,1.237,Monthly,Not determined
344,Data Analyst - Becario por mes,Air Liquide,1.411 €/mes,Paris,1.411,Monthly,Not determined
345,Data Analyst - Proveedor de servicios,LVMH,39.159 €/año,Paris,39.159,Yearly,Not determined
346,Data Analyst - Becario por mes,Veepee,1.543 €/mes,Paris,1.543,Monthly,Not determined
347,Data Analyst - Becario por mes,LVMH,1.253 €/mes,Paris,1.253,Monthly,Not determined
348,Data Analyst - Por mes,Criteo,4.277 €/mes,Paris,4.277,Monthly,Not determined
349,Data Analyst - Becario por mes,Sodexo,1.116 €/mes,Paris,1.116,Monthly,Not determined
350,Data Analyst - Por mes,Sodexo,3.088 €/mes,Paris,3.088,Monthly,Not determined
351,Data Analyst,BearingPoint,45.649 €/año,Paris,45.649,Yearly,Not determined
352,Data Analyst,Murex,46.663 €/año,Paris,46.663,Yearly,Not determined
353,Data Analyst,Nissan,35.327 €/año,Paris,35.327,Yearly,Not determined
354,Data Analyst - Becario por mes,Aubay,913 €/mes,Paris,913.0,Monthly,Not determined
355,Data Analyst,Keyrus,42.070 €/año,Paris,42.07,Yearly,Not determined
356,Data Analyst - Por mes,Cegedim,1.231 €/mes,Paris,1.231,Monthly,Not determined
357,Data Analyst,Yves Rocher,40.716 €/año,Paris,40.716,Yearly,Not determined
358,Data Analyst - Becario por mes,IQVIA,1.420 €/mes,Paris,1.42,Monthly,Not determined
359,Data Analyst - Por mes,numberly (1000mercis group),1.206 €/mes,Paris,1.206,Monthly,Not determined
360,Data Analyst,numberly (1000mercis group),37.258 €/año,Paris,37.258,Yearly,Not determined
361,Data Analyst - Becario por mes,Robert Bosch,1.320 €/mes,Paris,1.32,Monthly,Not determined
362,Data Analyst - Becario por mes,AG2R la Mondiale,776 €/mes,Paris,776.0,Monthly,Not determined
363,Data Analyst - Por mes,Arval BNP Paribas Group,1.500 €/mes,Paris,1.5,Monthly,Not determined
364,Data Analyst - Por mes,Réseau de Transport d'Electricité,1.116 €/mes,Paris,1.116,Monthly,Not determined
365,Data Analyst - Becario por mes,Réseau de Transport d'Electricité,870 €/mes,Paris,870.0,Monthly,Not determined
366,Data Analyst,Havas Media,36.221 €/año,Paris,36.221,Yearly,Not determined
367,Data Analyst - Becario por mes,CPAM,532 €/mes,Paris,532.0,Monthly,Not determined
368,Data Analyst - Becario por mes,Datawords,602 €/mes,Paris,602.0,Monthly,Not determined
369,Data Analyst,Arkema,45.537 €/año,Paris,45.537,Yearly,Not determined
370,Data Analyst,Sfeir,62.238 €/año,Paris,62.238,Yearly,Not determined
371,Data Analyst - Por mes,Air France-KLM,1.408 €/mes,Paris,1.408,Monthly,Not determined
372,Data Analyst - Becario por mes,BNP Paribas Personal Finance,1.300 €/mes,Paris,1.3,Monthly,Not determined
373,Data Analyst - Por mes,BNP Paribas Personal Finance,1.932 €/mes,Paris,1.932,Monthly,Not determined
374,Data Analyst - Becario por mes,Korian,1.000 €/mes,Paris,1.0,Monthly,Not determined
375,Data Analyst - Becario por mes,Louvre Hotels Group,1.323 €/mes,Paris,1.323,Monthly,Not determined
376,Data Analyst,Meero,44.949 €/año,Paris,44.949,Yearly,Not determined
377,Data Analyst - Becario por mes,Fifty-Five,940 €/mes,Paris,940.0,Monthly,Not determined
378,Data Analyst - Becario por mes,Contentsquare,1.035 €/mes,Paris,1.035,Monthly,Not determined
379,Data Analyst - Becario por mes,Dailymotion,1.223 €/mes,Paris,1.223,Monthly,Not determined
380,Data Analyst - Becario por mes,Reed Exhibitions,845 €/mes,Paris,845.0,Monthly,Not determined
381,Data Analyst,Artefact,39.954 €/año,Paris,39.954,Yearly,Not determined
382,Data Analyst,Meetic,60.929 €/año,Paris,60.929,Yearly,Not determined
383,Data Analyst - Becario por mes,GRTgaz,752 €/mes,Paris,752.0,Monthly,Not determined
384,Data Analyst,Ogilvy,33.121 €/año,Paris,33.121,Yearly,Not determined
385,Data Analyst,Boursorama,28.214 €/año,Paris,28.214,Yearly,Not determined
386,Data Analyst,Aptar,45.121 €/año,Paris,45.121,Yearly,Not determined
387,Data Analyst,EVANEOS,35.111 €/año,Paris,35.111,Yearly,Not determined
388,Data Analyst - Becario por mes,Jumia,1.044 €/mes,Paris,1.044,Monthly,Not determined
389,Data Analyst - Por mes,Euronext,1.521 €/mes,Paris,1.521,Monthly,Not determined
390,Data Analyst,Kapten,45.649 €/año,Paris,45.649,Yearly,Not determined
391,Data Analyst,Warner Bros.,60.027 €/año,Paris,60.027,Yearly,Not determined
392,Data Analyst - Por mes,ING,2.306 €/mes,Paris,2.306,Monthly,Not determined
393,Data Analyst - Becario por mes,Dataiku,1.200 €/mes,Paris,1.2,Monthly,Not determined
394,Data Analyst,ING,42.610 €/año,Paris,42.61,Yearly,Not determined
395,Data Analyst,PMU,41.000 €/año,Paris,41.0,Yearly,Not determined
396,Data Analyst - Becario por mes,TUI Group,521 €/mes,Paris,521.0,Monthly,Not determined
397,Data Analyst,Havas Worldwide,50.467 €/año,Paris,50.467,Yearly,Not determined
398,Data Analyst,Figaro Classifieds,45.461 €/año,Paris,45.461,Yearly,Not determined
399,Data Analyst,Vertone,39.240 €/año,Paris,39.24,Yearly,Not determined
400,Data Analyst - Becario por mes,AXA Partners,1.305 €/mes,Paris,1.305,Monthly,Not determined
401,Data Analyst,simply market,51.640 €/año,Paris,51.64,Yearly,Not determined
402,Data Analyst - Becario por mes,Frichti,879 €/mes,Paris,879.0,Monthly,Not determined
403,Data Analyst,Le Figaro,36.000 €/año,Paris,36.0,Yearly,Not determined
404,Data Analyst - Becario por mes,happn,834 €/mes,Paris,834.0,Monthly,Not determined
405,Data Analyst,Abbott,47.329 €/año,Paris,47.329,Yearly,Not determined
406,Data Analyst,Photobox,32.988 €/año,Paris,32.988,Yearly,Not determined
407,Data Analyst - Becario por mes,GreenFlex,1.006 €/mes,Paris,1.006,Monthly,Not determined
408,Data Analyst - Becario por mes,Linkfluence,828 €/mes,Paris,828.0,Monthly,Not determined
409,Data Analyst,Aircall,42.605 €/año,Paris,42.605,Yearly,Not determined
410,Data Analyst - Becario por mes,International Energy Agency,708 €/mes,Paris,708.0,Monthly,Not determined
411,Data Analyst,Holidog,31.342 €/año,Paris,31.342,Yearly,Not determined
412,Data Analyst,Back Market,48.124 €/año,Paris,48.124,Yearly,Not determined
413,Data Analyst - Becario por mes,Direct Assurance,1.623 €/mes,Paris,1.623,Monthly,Not determined
414,Data Analyst,Direct Assurance,45.000 €/año,Paris,45.0,Yearly,Not determined
415,Data Analyst,Fullsix,38.214 €/año,Paris,38.214,Yearly,Not determined
416,Data Analyst,Drivy,40.138 €/año,Paris,40.138,Yearly,Not determined
417,Data Analyst,Vestiaire Collective,39.954 €/año,Paris,39.954,Yearly,Not determined
418,Data Analyst,OpenClassrooms,50.192 €/año,Paris,50.192,Yearly,Not determined
419,Data Analyst,Proximity,59.329 €/año,Paris,59.329,Yearly,Not determined
420,Data Analyst - Becario por mes,Aurexia,1.831 €/mes,Paris,1.831,Monthly,Not determined
421,Data Analyst - Becario por mes,Privateaser,1.035 €/mes,Paris,1.035,Monthly,Not determined
422,Data Analyst,Smart AdServer,42.000 €/año,Paris,42.0,Yearly,Not determined
423,Data Analyst - Por mes,Lenôtre,2.507 €/mes,Paris,2.507,Monthly,Not determined
424,Data Analyst - Becario por mes,Vermeg,1.550 €/mes,Paris,1.55,Monthly,Not determined
425,Data Analyst - Becario por mes,Tinyclues,1.535 €/mes,Paris,1.535,Monthly,Not determined
426,Data Analyst - Becario por mes,European Securities and Markets Authority,1.674 €/mes,Paris,1.674,Monthly,Not determined
427,Data Analyst,Omnicom Media Group,38.000 €/año,Paris,38.0,Yearly,Not determined
428,Data Analyst,QuantCube Technology,38.098 €/año,Paris,38.098,Yearly,Not determined
429,Data Analyst - Becario por mes,Adot,1.014 €/mes,Paris,1.014,Monthly,Not determined
430,Data Analyst - Por mes,Kayrros,1.121 €/mes,Paris,1.121,Monthly,Not determined
431,Data Analyst - Becario por mes,Vrbo,1.553 €/mes,Paris,1.553,Monthly,Not determined
432,Data Analyst,Audika,40.057 €/año,Paris,40.057,Yearly,Not determined
433,Data Analyst,Ve Global,41.681 €/año,Paris,41.681,Yearly,Not determined
434,Data Analyst - Becario por mes,Mappy,1.604 €/mes,Paris,1.604,Monthly,Not determined
435,Data Analyst,YMCA,41.681 €/año,Paris,41.681,Yearly,Not determined
436,Data Analyst - Becario por mes,Ebiquity,1.035 €/mes,Paris,1.035,Monthly,Not determined
437,Data Analyst - Por mes,PSA Retail,1.205 €/mes,Paris,1.205,Monthly,Not determined
438,Data Analyst,Lincoln,38.548 €/año,Paris,38.548,Yearly,Not determined
439,Data Analyst,HomeExchange,38.548 €/año,Paris,38.548,Yearly,Not determined
440,Data Analyst,WeDigitalGarden,55.079 €/año,Paris,55.079,Yearly,Not determined
441,Data Analyst - Por mes,Schneider Electric,1.907 €/mes,Paris,1.907,Monthly,Not determined
442,Data Analyst,Lincoln (France),44.769 €/año,Paris,44.769,Yearly,Not determined
443,Data Analyst,MFG Labs,45.121 €/año,Paris,45.121,Yearly,Not determined
444,Data Analyst - Becario por mes,Dhatim,1.014 €/mes,Paris,1.014,Monthly,Not determined
445,Data Analyst,Maten,51.027 €/año,Paris,51.027,Yearly,Not determined
446,Data Analyst,gumi,41.760 €/año,Paris,41.76,Yearly,Not determined
447,Data Analyst,ici Barbès,31.447 €/año,Paris,31.447,Yearly,Not determined
448,Data Analyst - Becario por mes,IEIF,828 €/mes,Paris,828.0,Monthly,Not determined
449,Data Analyst - Becario por mes,Tripndrive,731 €/mes,Paris,731.0,Monthly,Not determined
450,Data Analyst - Becario,Hamamatsu Photonics,18.259 €/año,Paris,18.259,Yearly,Not determined
451,Data Analyst,noon,45.065 €/año,Paris,45.065,Yearly,Not determined
452,Data Analyst - Becario por mes,Selency,1.000 €/mes,Paris,1.0,Monthly,Not determined
453,Data Analyst,ALLO RESTO,38.100 €/año,Paris,38.1,Yearly,Not determined
454,Data Analyst - Becario por mes,BinckBank,1.221 €/mes,Paris,1.221,Monthly,Not determined
455,Data Analyst - Becario por mes,Twinin,809 €/mes,Paris,809.0,Monthly,Not determined
456,Data Analyst,R1,46.522 €/año,Paris,46.522,Yearly,Not determined
457,Data Analyst,SAIC,42.113 €/año,Paris,42.113,Yearly,Not determined
458,Data Analyst,Yoolook,50.721 €/año,Paris,50.721,Yearly,Not determined
459,Data Analyst,Hildnd,50.000 €/año,Paris,50.0,Yearly,Not determined
460,Data Analyst,Institut National de la Recherche Agronomique (INRA),45.121 €/año,Paris,45.121,Yearly,Not determined
461,Data Analyst - Becario por mes,Cybel,1.302 €/mes,Paris,1.302,Monthly,Not determined
462,Data Analyst - Por mes,Dave & Buster's,1.805 €/mes,Paris,1.805,Monthly,Not determined
463,Data Analyst - Por mes,Masa,2.031 €/mes,Paris,2.031,Monthly,Not determined
464,Senior Data Analyst,Criteo,55.500 €/año,Paris,55.5,Yearly,Senior Position
465,Senior Data Analyst,Fifty-Five,47.606 €/año,Paris,47.606,Yearly,Senior Position
466,Data Analyst Associate - Becario por mes,Fifty-Five,961 €/mes,Paris,961.0,Monthly,Not determined
467,Senior Data Analyst,KPMG,48.154 €/año,Paris,48.154,Yearly,Senior Position
468,Senior Data Analyst,SoLocal Group,50.466 €/año,Paris,50.466,Yearly,Senior Position
469,Senior Data Analyst,Avanade,40.104 €/año,Paris,40.104,Yearly,Senior Position
470,Senior Data Analyst,ALTEN,39.179 €/año,Paris,39.179,Yearly,Senior Position
471,Senior Data Analyst,Deloitte,42.951 €/año,Paris,42.951,Yearly,Senior Position
472,Senior Data Analyst,PwC,53.849 €/año,Paris,53.849,Yearly,Senior Position
473,Senior Data Analyst,SFR,52.075 €/año,Paris,52.075,Yearly,Senior Position
474,Senior Data Analyst,Air France,62.703 €/año,Paris,62.703,Yearly,Senior Position
475,Senior Data Analyst,IQVIA,39.386 €/año,Paris,39.386,Yearly,Senior Position
476,Senior Data Analyst,Blizzard Entertainment,47.505 €/año,Paris,47.505,Yearly,Senior Position
477,Senior Data Analyst,Reed Exhibitions,56.626 €/año,Paris,56.626,Yearly,Senior Position
478,Senior Data Analyst,PeopleDoc,53.076 €/año,Paris,53.076,Yearly,Senior Position
479,Senior Data Analyst,Freelance,7.214 €/año,Paris,7.214,Yearly,Senior Position
480,Senior Data Analyst,TSI Incorporated,48.623 €/año,Paris,48.623,Yearly,Senior Position
481,Business Data Analyst,Société Générale,40.126 €/año,Paris,40.126,Yearly,Not determined
482,Business Data Analyst,Amazon,41.773 €/año,Paris,41.773,Yearly,Not determined
483,Business Data Analyst,Publicis Groupe,55.371 €/año,Paris,55.371,Yearly,Not determined
484,Business Data Analyst - Becario por mes,TF1,1.149 €/mes,Paris,1.149,Monthly,Not determined
485,Business Data Analyst - Por mes,TechnipFMC,1.602 €/mes,Paris,1.602,Monthly,Not determined
486,Business Data Analyst,numberly (1000mercis group),38.251 €/año,Paris,38.251,Yearly,Not determined
487,Business Data Analyst,Withings,35.100 €/año,Paris,35.1,Yearly,Not determined
488,Business Data Analyst - Proveedor de servicios por mes,IPG Mediabrands,1.888 €/mes,Paris,1.888,Monthly,Not determined
489,Business Data Analyst,Data2Decisions,30.312 €/año,Paris,30.312,Yearly,Not determined
490,Junior Data Analyst - Proveedor de servicios,Ubisoft,36.812 €/año,Paris,36.812,Yearly,Junior Position
491,Junior Data Analyst,Criteo,42.433 €/año,Paris,42.433,Yearly,Junior Position
492,Junior Data Analyst - Por mes,Camaïeu,1.543 €/mes,Paris,1.543,Monthly,Junior Position
493,Junior Data Analyst,Artefact,38.000 €/año,Paris,38.0,Yearly,Junior Position
494,Junior Data Analyst,Reed Exhibitions,38.055 €/año,Paris,38.055,Yearly,Junior Position
495,Junior Data Analyst - Por mes,Aptar,1.725 €/mes,Paris,1.725,Monthly,Junior Position
496,Junior Data Analyst,GroupM,37.128 €/año,Paris,37.128,Yearly,Junior Position
497,Junior Data Analyst,Groupe Estia,37.120 €/año,Paris,37.12,Yearly,Junior Position
498,Marketing Data Analyst - Becario por mes,Dassault Systemes,979 €/mes,Paris,979.0,Monthly,Not determined
499,Marketing Data Analyst,Ubisoft,41.422 €/año,Paris,41.422,Yearly,Not determined
500,Marketing Data Analyst - Por mes,JCDecaux,1.552 €/mes,Paris,1.552,Monthly,Not determined
501,Data Analyst Intern - Por mes,Amazon,1.425 €/mes,Paris,1.425,Monthly,Not determined
502,Data Analyst Intern - Por mes,Criteo,1.522 €/mes,Paris,1.522,Monthly,Not determined
503,Data Analyst Intern,SoLocal Group,1.264 €/año,Paris,1.264,Yearly,Not determined
504,Data Analyst Intern - Por mes,Fifty-Five,1.254 €/mes,Paris,1.254,Monthly,Not determined
505,Data Analyst Intern - Por mes,Frichti,828 €/mes,Paris,828.0,Monthly,Not determined
506,Data Analyst Intern - Por mes,monAlbumPhoto.fr,834 €/mes,Paris,834.0,Monthly,Not determined
507,Data Analyst Intern - Por mes,Monbanquet.fr,816 €/mes,Paris,816.0,Monthly,Not determined
508,Associate Data Analyst - Becario por mes,Fifty-Five,963 €/mes,Paris,963.0,Monthly,Not determined
509,Master Data Analyst,Schneider Electric,57.800 €/año,Paris,57.8,Yearly,Not determined
510,Market Data Analyst,Groupe Crédit Agricole,37.181 €/año,Paris,37.181,Yearly,Not determined
511,Big Data Analyst - Becario por mes,Banque de France,1.100 €/mes,Paris,1.1,Monthly,Not determined
512,Big Data Analyst,Ericsson-Worldwide,36.740 €/año,Paris,36.74,Yearly,Not determined
513,Statistical Data Analyst - Becario por mes,Air Liquide,1.151 €/mes,Paris,1.151,Monthly,Not determined
514,BI Data Analyst - Becario por mes,Kaymu,835 €/mes,Paris,835.0,Monthly,Not determined
515,Language Data Analyst - Por mes,TransPerfect,1.222 €/mes,Paris,1.222,Monthly,Not determined
516,Internship Data Analyst - Por mes,AXA,1.905 €/mes,Paris,1.905,Monthly,Not determined
517,Internship Data Analyst - Por mes,Wavestone,1.705 €/mes,Paris,1.705,Monthly,Not determined
518,Internship Data Analyst - Por mes,Air Liquide,1.217 €/mes,Paris,1.217,Monthly,Not determined
519,Internship Data Analyst - Por mes,Criteo,1.500 €/mes,Paris,1.5,Monthly,Not determined
520,Internship Data Analyst - Por mes,GE Healthcare,1.504 €/mes,Paris,1.504,Monthly,Not determined
521,Internship Data Analyst - Por mes,Contentsquare,1.010 €/mes,Paris,1.01,Monthly,Not determined
522,Internship Data Analyst - Por mes,Ekimetrics,1.424 €/mes,Paris,1.424,Monthly,Not determined
523,Internship Data Analyst - Por mes,Publicis ETO,1.014 €/mes,Paris,1.014,Monthly,Not determined
524,Internship Data Analyst - Por mes,Arcane (France),1.303 €/mes,Paris,1.303,Monthly,Not determined
525,Internship Data Analyst - Por mes,Mixdata,1.014 €/mes,Paris,1.014,Monthly,Not determined
526,Internship Data Analyst - Por mes,TradeLab,1.003 €/mes,Paris,1.003,Monthly,Not determined
527,Internship Data Analyst - Por mes,Myriad (France),569 €/mes,Paris,569.0,Monthly,Not determined
528,Risk Data Analyst,Newedge,36.511 €/año,Paris,36.511,Yearly,Not determined
529,CRM Data Analyst,Audika,50.721 €/año,Paris,50.721,Yearly,Not determined
530,Assistant Data Analyst - Becario por mes,Orange,1.419 €/mes,Paris,1.419,Monthly,Not determined
531,Data Analyst,Bloomberg L.P.,44.221 £/año,London,44.221,Yearly,Not determined
532,Data Analyst,Her Majesty's Revenue & Customs,33.879 £/año,London,33.879,Yearly,Not determined
533,Data Analyst,Experian,31.671 £/año,London,31.671,Yearly,Not determined
534,Data Analyst,Sport England,46.467 £/año,London,46.467,Yearly,Not determined
535,Data Analyst,Kubrick Group,26.106 £/año,London,26.106,Yearly,Not determined
536,Data Analyst,PwC,33.096 £/año,London,33.096,Yearly,Not determined
537,Data Analyst,KPMG,38.444 £/año,London,38.444,Yearly,Not determined
538,Data Analyst,Sky,40.955 £/año,London,40.955,Yearly,Not determined
539,Data Analyst,Cision,23.689 £/año,London,23.689,Yearly,Not determined
540,Data Analyst,EY,41.838 £/año,London,41.838,Yearly,Not determined
541,Data Analyst,BAE Systems Applied Intelligence,39.576 £/año,London,39.576,Yearly,Not determined
542,Data Analyst,CACI (UK),27.392 £/año,London,27.392,Yearly,Not determined
543,Data Analyst,Deloitte,34.048 £/año,London,34.048,Yearly,Not determined
544,Data Analyst,Ministry of Justice UK,35.550 £/año,London,35.55,Yearly,Not determined
545,Data Analyst - Proveedor de servicios por hora,Kantar Media,29.569 £/año,London,29.569,Hourly,Not determined
546,Data Analyst - Proveedor de servicios,Legal and General Investment Management,57.384 £/año,London,57.384,Yearly,Not determined
547,Data Analyst,BCD Travel,26.036 £/año,London,26.036,Yearly,Not determined
548,Data Analyst,Infectious Media,24.445 £/año,London,24.445,Yearly,Not determined
549,Data Analyst,Tesco,55.000 £/año,London,55.0,Yearly,Not determined
550,Data Analyst,Barclays,47.031 £/año,London,47.031,Yearly,Not determined
551,Data Analyst,Accenture,34.876 £/año,London,34.876,Yearly,Not determined
552,Data Analyst,Marks & Spencer,36.831 £/año,London,36.831,Yearly,Not determined
553,Data Analyst,HSBC Holdings,17 £/h,London,17.0,Yearly,Not determined
554,Data Analyst,HSBC Holdings,45.844 £/año,London,45.844,Yearly,Not determined
555,Data Analyst,Capita,28.392 £/año,London,28.392,Yearly,Not determined
556,Data Analyst,Vodafone,25.070 £/año,London,25.07,Yearly,Not determined
557,Data Analyst,Imperial College London,38.000 £/año,London,38.0,Yearly,Not determined
558,Data Analyst,UBS,60.558 £/año,London,60.558,Yearly,Not determined
559,Data Analyst,Royal Mail,49.788 £/año,London,49.788,Yearly,Not determined
560,Data Analyst,Cognizant Technology Solutions,32.067 £/año,London,32.067,Yearly,Not determined
561,Data Analyst,FDM Group,20.071 £/año,London,20.071,Yearly,Not determined
562,Data Analyst,BDO,28.637 £/año,London,28.637,Yearly,Not determined
563,Data Analyst,CBRE,30.765 £/año,London,30.765,Yearly,Not determined
564,Data Analyst,TalkTalk Group,36.558 £/año,London,36.558,Yearly,Not determined
565,Data Analyst,Bank of England,32.089 £/año,London,32.089,Yearly,Not determined
566,Data Analyst,OMD,28.400 £/año,London,28.4,Yearly,Not determined
567,Data Analyst,Gamesys,32.483 £/año,London,32.483,Yearly,Not determined
568,Data Analyst,The Telegraph,28.026 £/año,London,28.026,Yearly,Not determined
569,Data Analyst,Radisson Hotel Group,39.472 £/año,London,39.472,Yearly,Not determined
570,Data Analyst,Revolut,50.000 £/año,London,50.0,Yearly,Not determined
571,Data Analyst,uSwitch,42.496 £/año,London,42.496,Yearly,Not determined
572,Data Analyst,NHS Improvement,40.576 £/año,London,40.576,Yearly,Not determined
573,Data Analyst,Financial Services Compensation Scheme,34.175 £/año,London,34.175,Yearly,Not determined
574,Data Analyst,Rocket Fuel,36.725 £/año,London,36.725,Yearly,Not determined
575,Data Analyst,The Plum Guide,35.097 £/año,London,35.097,Yearly,Not determined
576,Data Analyst,ICX4,52.464 £/año,London,52.464,Yearly,Not determined
577,Data Analyst - Proveedor de servicios por hora,QuantSpark,35.623 £/año,London,35.623,Hourly,Not determined
578,Data Analyst - Proveedor de servicios por mes,ETFGI.com,24.044 £/año,London,24.044,Monthly,Not determined
579,Data Analyst,NHS,32.651 £/año,London,32.651,Yearly,Not determined
580,Data Analyst - Proveedor de servicios por hora,Lloyds Banking Group,41.408 £/año,London,41.408,Hourly,Not determined
581,Data Analyst,HSBC Holdings,34.728 £/año,London,34.728,Yearly,Not determined
582,Data Analyst,J.P. Morgan,47.694 £/año,London,47.694,Yearly,Not determined
583,Data Analyst,Royal Bank of Scotland,52.118 £/año,London,52.118,Yearly,Not determined
584,Data Analyst,BBC,40.274 £/año,London,40.274,Yearly,Not determined
585,Data Analyst,GlaxoSmithKline,39 £/h,London,39.0,Yearly,Not determined
586,Data Analyst,GlaxoSmithKline,2.378 £/mes,London,2.378,Yearly,Not determined
587,Data Analyst - Proveedor de servicios,GlaxoSmithKline,43.166 £/año,London,43.166,Yearly,Not determined
588,Data Analyst,Bloomberg L.P.,10 £/h,London,10.0,Yearly,Not determined
589,Data Analyst,British Airways,40.000 £/año,London,40.0,Yearly,Not determined
590,Data Analyst,Apple,51.272 £/año,London,51.272,Yearly,Not determined
591,Data Analyst,Microsoft,45.061 £/año,London,45.061,Yearly,Not determined
592,Data Analyst,Thomson Reuters,33.806 £/año,London,33.806,Yearly,Not determined
593,Data Analyst,Google,44.054 £/año,London,44.054,Yearly,Not determined
594,Data Analyst,British Gas,33.917 £/año,London,33.917,Yearly,Not determined
595,Data Analyst,Transport for London,31.583 £/año,London,31.583,Yearly,Not determined
596,Data Analyst,Shell,39.793 £/año,London,39.793,Yearly,Not determined
597,Data Analyst,IHS Markit,31.240 £/año,London,31.24,Yearly,Not determined
598,Data Analyst,Metro Bank,42.518 £/año,London,42.518,Yearly,Not determined
599,Data Analyst,Pearson,30.083 £/año,London,30.083,Yearly,Not determined
600,Data Analyst,Aon,33.683 £/año,London,33.683,Yearly,Not determined
601,Data Analyst,Worldpay,35.687 £/año,London,35.687,Yearly,Not determined
602,Data Analyst,dunnhumby,44.096 £/año,London,44.096,Yearly,Not determined
603,Data Analyst,Diageo,31.521 £/año,London,31.521,Yearly,Not determined
604,Data Analyst,Capital One,35.774 £/año,London,35.774,Yearly,Not determined
605,Data Analyst,JLL,32.257 £/año,London,32.257,Yearly,Not determined
606,Data Analyst,Legal & General,42.751 £/año,London,42.751,Yearly,Not determined
607,Data Analyst,Kantar Worldpanel,26.602 £/año,London,26.602,Yearly,Not determined
608,Data Analyst,Mindshare,27.414 £/año,London,27.414,Yearly,Not determined
609,Data Analyst,AIG,48.604 £/año,London,48.604,Yearly,Not determined
610,Data Analyst,Elsevier,52.386 £/año,London,52.386,Yearly,Not determined
611,Data Analyst,Guardian News & Media,41.914 £/año,London,41.914,Yearly,Not determined
612,Data Analyst,RM,30.703 £/año,London,30.703,Yearly,Not determined
613,Data Analyst,Office for National Statistics,23.014 £/año,London,23.014,Yearly,Not determined
614,Data Analyst,University of London,29.668 £/año,London,29.668,Yearly,Not determined
615,Data Analyst,TP ICAP,26.342 £/año,London,26.342,Yearly,Not determined
616,Data Analyst,PHD Worldwide,24.365 £/año,London,24.365,Yearly,Not determined
617,Data Analyst,Sparta Global,25.035 £/año,London,25.035,Yearly,Not determined
618,Data Analyst,Aimia,38.645 £/año,London,38.645,Yearly,Not determined
619,Data Analyst,Argus Media,47.458 £/año,London,47.458,Yearly,Not determined
620,Data Analyst,Notting Hill Genesis,31.048 £/año,London,31.048,Yearly,Not determined
621,Data Analyst,NaturalMotion,36.488 £/año,London,36.488,Yearly,Not determined
622,Data Analyst,Lloyd's,54.650 £/año,London,54.65,Yearly,Not determined
623,Data Analyst,Morningstar,15.707 £/año,London,15.707,Yearly,Not determined
624,Data Analyst,Morningstar,30.078 £/año,London,30.078,Yearly,Not determined
625,Data Analyst,Wilmington plc,23.306 £/año,London,23.306,Yearly,Not determined
626,Data Analyst,Vrbo,47.437 £/año,London,47.437,Yearly,Not determined
627,Data Analyst,London Metropolitan University,28.727 £/año,London,28.727,Yearly,Not determined
628,Data Analyst,Brave Bison,47.281 £/año,London,47.281,Yearly,Not determined
629,Data Analyst,Racing Post,30.616 £/año,London,30.616,Yearly,Not determined
630,Data Analyst,JATO Dynamics,32.620 £/año,London,32.62,Yearly,Not determined
